repo	bucket	last_push	proposed_action	owner_notes	status
odin-restaurant	stale_over_2y	2024-01-09	archive_github	odin tutorial lineage	proposed
Project-Spyn	stale_over_2y	2023-11-28	archive_github	old project	proposed
340-p2	stale_1y_2y	2025-03-12	review_coursework	confirm no unique assets	proposed
340P1	stale_1y_2y	2025-02-17	review_coursework	confirm no unique assets	proposed
delete-o-matic-for-linkedin	stale_1y_2y	2025-01-20	archive_github	single-purpose script	proposed
Byteport-TestZip	stale_1y_2y	2024-12-07	archive_github	test artifact	proposed
odin-dash	stale_1y_2y	2024-12-04	archive_github	odin tutorial	proposed
ssToCal-front	stale_1y_2y	2024-10-12	review	confirm superseded by calendar stack	proposed
canvasApp	stale_1y_2y	2024-08-26	review	may mirror local orphans canvasApp	proposed
